{
    "train": {
        "accuracy": 0.9975561797752809,
        "confusion_matrix": [
            [
                35512,
                0
            ],
            [
                87,
                1
            ]
        ],
        "aupr": 0.05710619504124332,
        "auroc": 0.7167772353519424
    },
    "test": {
        "accuracy": 0.9969662921348315,
        "confusion_matrix": [
            [
                8873,
                0
            ],
            [
                27,
                0
            ]
        ],
        "aupr": 0.08160679441054174,
        "auroc": 0.6796502915628353
    },
    "feature_importance": [
        3,
        12,
        8,
        2,
        2,
        6,
        8,
        11,
        6,
        7,
        1,
        9
    ],
    "feature_importance_gain": [
        21.41295051574707,
        69.70547080039978,
        55.020870208740234,
        16.6529803276062,
        13.871729850769043,
        32.82020950317383,
        57.42482042312622,
        87.14153909683228,
        35.13001036643982,
        59.30906915664673,
        3.8238799571990967,
        71.92411994934082
    ]
}