{
    "train": {
        "accuracy": 0.9995255863539446,
        "confusion_matrix": [
            [
                187511,
                0
            ],
            [
                89,
                0
            ]
        ],
        "aupr": 0.06980586795595932,
        "auroc": 0.7611825199887899
    },
    "test": {
        "accuracy": 0.9994456289978678,
        "confusion_matrix": [
            [
                46874,
                0
            ],
            [
                26,
                0
            ]
        ],
        "aupr": 0.03927623605168932,
        "auroc": 0.6060560061178741
    },
    "feature_importance": [
        4,
        6,
        16,
        13,
        8,
        11,
        6,
        11,
        15,
        10,
        5,
        19
    ],
    "feature_importance_gain": [
        7.566120028495789,
        48.567060232162476,
        59.09883010387421,
        39.79942989349365,
        19.474289894104004,
        32.13093960285187,
        97.08849799633026,
        110.24267041683197,
        110.3729202747345,
        115.27008306980133,
        17.53879988193512,
        51.44719052314758
    ]
}