{
    "train": {
        "accuracy": 0.9995927989712816,
        "confusion_matrix": [
            [
                186560,
                0
            ],
            [
                76,
                4
            ]
        ],
        "aupr": 0.25791986057779065,
        "auroc": 0.9724792292024014
    },
    "test": {
        "accuracy": 0.9993356193741963,
        "confusion_matrix": [
            [
                46629,
                0
            ],
            [
                31,
                0
            ]
        ],
        "aupr": 0.009455840158829503,
        "auroc": 0.7697009821521842
    },
    "feature_importance": [
        83,
        30,
        30,
        17,
        34,
        52,
        37,
        21,
        34,
        78,
        24,
        55
    ],
    "feature_importance_gain": [
        467.617799282074,
        143.60918021202087,
        150.31368970870972,
        62.80940067768097,
        129.82136940956116,
        224.35079109668732,
        162.87713074684143,
        84.3305698633194,
        141.75503027439117,
        525.2867571115494,
        125.83872985839844,
        320.4478394985199
    ]
}