{
    "train": {
        "accuracy": 0.9996088901458273,
        "confusion_matrix": [
            [
                1781370,
                1
            ],
            [
                696,
                41
            ]
        ],
        "aupr": 0.19768129093350606,
        "auroc": 0.9443565434961237
    },
    "test": {
        "accuracy": 0.999607206746168,
        "confusion_matrix": [
            [
                445347,
                0
            ],
            [
                175,
                5
            ]
        ],
        "aupr": 0.059554588367075126,
        "auroc": 0.8752413037224656
    },
    "feature_importance": [
        258,
        290,
        219,
        172,
        340,
        322,
        302,
        294,
        216,
        310,
        277
    ],
    "feature_importance_gain": [
        2915.501897841692,
        1962.1317440867424,
        1480.327724069357,
        910.0199658870697,
        2281.172167569399,
        1854.1515193879604,
        1857.1110344529152,
        1421.2600746452808,
        1937.7838142812252,
        2417.4882338643074,
        1697.649142563343
    ]
}