{
    "train": {
        "accuracy": 0.9977771362586605,
        "confusion_matrix": [
            [
                34550,
                0
            ],
            [
                77,
                13
            ]
        ],
        "aupr": 0.48277063075522386,
        "auroc": 0.9656803344589162
    },
    "test": {
        "accuracy": 0.9976905311778291,
        "confusion_matrix": [
            [
                8639,
                0
            ],
            [
                20,
                1
            ]
        ],
        "aupr": 0.06560995150268979,
        "auroc": 0.7681802898263137
    },
    "feature_importance": [
        30,
        19,
        18,
        17,
        12,
        21,
        15,
        22,
        18,
        31,
        19,
        24
    ],
    "feature_importance_gain": [
        291.3484477996826,
        263.65858817100525,
        194.23716187477112,
        165.23289966583252,
        131.28263998031616,
        315.90101957321167,
        118.60101962089539,
        224.74775767326355,
        185.5035789012909,
        678.6296992301941,
        155.49116849899292,
        292.21134519577026
    ]
}