{
    "train": {
        "accuracy": 0.9995278640677729,
        "confusion_matrix": [
            [
                186299,
                0
            ],
            [
                88,
                0
            ]
        ],
        "aupr": 0.04531570382150045,
        "auroc": 0.829976213701435
    },
    "test": {
        "accuracy": 0.9995278666008541,
        "confusion_matrix": [
            [
                46575,
                0
            ],
            [
                22,
                0
            ]
        ],
        "aupr": 0.006300039180129165,
        "auroc": 0.7448509247059971
    },
    "feature_importance": [
        8,
        16,
        11,
        11,
        10,
        10,
        9,
        12,
        10,
        19,
        14,
        20
    ],
    "feature_importance_gain": [
        43.08892011642456,
        94.79068160057068,
        78.4469804763794,
        68.1853997707367,
        61.68552923202515,
        90.67488026618958,
        55.87527012825012,
        82.4075698852539,
        81.44106030464172,
        128.05034971237183,
        92.91632986068726,
        116.08625984191895
    ]
}