{
    "train": {
        "accuracy": 0.9996608015221045,
        "confusion_matrix": [
            [
                256237,
                3
            ],
            [
                84,
                163
            ]
        ],
        "aupr": 0.9257041864713754,
        "auroc": 0.9995219404632044
    },
    "test": {
        "accuracy": 0.9993761891394529,
        "confusion_matrix": [
            [
                64054,
                1
            ],
            [
                39,
                28
            ]
        ],
        "aupr": 0.6628545815318356,
        "auroc": 0.9596724829525
    },
    "feature_importance": [
        260,
        227,
        262,
        199,
        295,
        295,
        335,
        281,
        134,
        486,
        404
    ],
    "feature_importance_gain": [
        792.3909343779087,
        924.221631705761,
        2013.6922425627708,
        937.6013858914375,
        553.4897527992725,
        629.8050948679447,
        744.518252491951,
        526.4314512908459,
        485.5103124678135,
        4907.752427518368,
        3993.256160199642
    ]
}