{
    "train": {
        "accuracy": 0.999623096638022,
        "confusion_matrix": [
            [
                901653,
                4
            ],
            [
                336,
                95
            ]
        ],
        "aupr": 0.46616554766291046,
        "auroc": 0.9572933659930108
    },
    "test": {
        "accuracy": 0.9996541372720299,
        "confusion_matrix": [
            [
                225420,
                0
            ],
            [
                78,
                25
            ]
        ],
        "aupr": 0.38599067420077227,
        "auroc": 0.9290650548318437
    },
    "feature_importance": [
        229,
        163,
        197,
        68,
        165,
        180,
        145,
        168,
        88,
        280,
        317
    ],
    "feature_importance_gain": [
        1827.5226576328278,
        1867.6322383880615,
        8679.785834431648,
        453.8634407520294,
        998.513322353363,
        1133.9375422000885,
        809.0615774393082,
        877.4302887916565,
        523.5137732028961,
        3064.502030134201,
        3292.2362020015717
    ]
}