{
    "train": {
        "accuracy": 0.9994333609280242,
        "confusion_matrix": [
            [
                474439,
                1
            ],
            [
                268,
                21
            ]
        ],
        "aupr": 0.34574734001982393,
        "auroc": 0.9681044620370503
    },
    "test": {
        "accuracy": 0.999595561285104,
        "confusion_matrix": [
            [
                118629,
                0
            ],
            [
                48,
                6
            ]
        ],
        "aupr": 0.21662331252732445,
        "auroc": 0.8853940217603403
    },
    "feature_importance": [
        97,
        397,
        180,
        86,
        235,
        540,
        205,
        329,
        156,
        417,
        358
    ],
    "feature_importance_gain": [
        347.4678151011467,
        1364.3536636531353,
        843.052674561739,
        218.12971159815788,
        783.7378946244717,
        1487.377003133297,
        665.3788746893406,
        943.4197535514832,
        593.9249437749386,
        1733.513124614954,
        1381.7673813700676
    ]
}